Title,img_url,Price
"Magic Bullet Blender, Small, Silver, 11 Piece Set",https://m.media-amazon.com/images/I/61w2Tj7r0BL._AC_UL320_.jpg,"$39
.
88"
"SENSARTE Ceramic Cookware Sets, Pots and Pans Set Nonstick, 14-Piece Induction Cookware, Non-toxic Healthy Non Stick Kitchen Cooking Set, with Frying Pans Set, PFAS PTFE PFOA PFOS Free",https://m.media-amazon.com/images/I/61HUZ+svb6L._AC_UL320_.jpg,"$79
.
99"
"Nuwave Healthy Duralon Blue Ceramic Nonstick Cookware Set, Diamond Infused Scratch-Resistant, PFAS Free, Dishwasher & Oven Safe, Induction Ready & Evenly Heats, Tempered Glass Lids & Stay-Cool Handles",https://m.media-amazon.com/images/I/81XrVqLSdcL._AC_UL320_.jpg,"$139
.
99"
"SENSARTE 17 Piece Pots and Pans Set, Nonstick Detachable Handle Cookware, Induction Kitchen Cookware Set with Removable Handle, Healthy Non Stick RV Cookware, Dishwasher ＆ Oven Safe, PFOA Free (White)",https://m.media-amazon.com/images/I/61cvV4Xr3XL._AC_UL320_.jpg,"$79
.
99"
"LEGEND COOKWARE 5 Ply Stainless Steel Pots and Pans Set | 14-Piece, Induction, Non-Toxic, Oven Safe | Best 18/0 Full Clad | Professional Kitchen Cooking, Heavy Chef Quality | PFOA, PTFE & PFOS Free",https://m.media-amazon.com/images/I/81geTh0+pnL._AC_UL320_.jpg,"$549
.
99"
"Nuwave 7pc Cookware Set Healthy Duralon Blue Ceramic Nonstick Coated, Diamond Infused Scratch-Resistant, PFAS Free, Oven Safe, Induction Ready & Evenly Heats, Tempered Glass Lids & Stay-Cool Handle",https://m.media-amazon.com/images/I/81I9xvwuMhL._AC_UL320_.jpg,"$97
.
49"
"Ceramic Cookware Set, VONIKI 16 Pcs Pots and Pans Set Non Stick, Kitchen Cookware Sets with Cooking Utensils Set, Non Toxic Cookware Set White Gold Pan Set for Cooking Pot Oven & Dishwasher Safe, Gift",https://m.media-amazon.com/images/I/719qjCFsYxL._AC_UL320_.jpg,"$139
.
99"
"Kitchen Knife Set with Block, Dishwasher Safe 15 Pcs Professional Chef Knife Set with Knife Sharpener, Food Grade German Stainless Steel Knife Block Set, Jaguar Series",https://m.media-amazon.com/images/I/71zr2l9bJyL._AC_UL320_.jpg,"$139
.
00"
"CAROTE 16 Piece Cookware Set, Nonstick Pots and Pans, Induction Cookware Cooking Set with Frying Pans, Saucepans, Saute Pan",https://m.media-amazon.com/images/I/71Q1rySF1rL._AC_UL320_.jpg,"$99
.
99"
"SENSARTE 13 Piece Pots and Pans Set, Nonstick Detachable Handle Cookware, Induction Kitchen Cookware Set with Removable Handle, Healthy Non Stick RV Cookware, Dishwasher ＆ Oven Safe, PFOA Free (White)",https://m.media-amazon.com/images/I/71x6Ou4yKRL._AC_UL320_.jpg,"$89
.
99"
"Ceramic Nonstick Cookware Set 19 Piece with Detachable Handle, Induction Dishwasher Oven Safe Pans and Pots Set, RV Kicthen Set Removable Handle, Rock Stone Black",https://m.media-amazon.com/images/I/81HIY0IMUML._AC_UL320_.jpg,"$109
.
99"
"SENSARTE Nonstick Ceramic Cookware Set 13-Piece, Healthy Pots and Pans Set, Non-toxic Kitchen Cooking Set with Stay-Cool Handles, Silicone Tools and Pot Protectors, PFAS and PFOA Free",https://m.media-amazon.com/images/I/71Vp9n43OsL._AC_UL320_.jpg,"$65
.
95"
"TUYU Electric Spin Scrubber, 2024 New Full-Body IPX7 Waterproof Bathroom Scrubber with Power LCD Display, Adjustable Extension Handle, Cordless Electric Cleaning Brush for Bathroom, Kitchen Cleaning",https://m.media-amazon.com/images/I/71GhDHqOwNL._AC_UL320_.jpg,"$29
.
99"
"Wall Hooks with Shelf, 29.25 inch Coat Rack Wall Mount with Mail Organizer Box, Wooden Hat Rack with 5 Hooks, Coat Hanger and Key Holder for Wall, Walnut",https://m.media-amazon.com/images/I/71zdVzv5YEL._AC_UL320_.jpg,"$34
.
99"
"Portable Cocktail Maker – 380+ Cocktail & 100+ Mocktails, App-Driven Device, Easy-to-Use Home Bar Device for Perfect Cocktails – Ideal for Parties & Mixology Events. (Patent Pending)",https://m.media-amazon.com/images/I/61qhlmsHLiL._AC_UL320_.jpg,"$49
.
99"
White Elephant Gifts for Adults Funny - Unique Gag Gifts for Men - Stocking Stuffers for Adults Mens Gifts Ideas - Gifts for Dad Who Have Everything - Dad Gifts Christmas - Mens Stocking Stuffers 2024,https://m.media-amazon.com/images/I/714GyfOW3GL._AC_UL320_.jpg,"$19
.
98"
Marble Coasters Set of 6 - Stunning Ceramic Coaster in Gloss Finish | Elegant Stone Coasters with Anti-Slip Cork Bottom for Mugs and Glasses | Aqua,https://m.media-amazon.com/images/I/81zQWeYaE-L._AC_UL320_.jpg,"$9
.
99"
"Stone Lain Coupe Dinnerware Set, Service For 8, Black Matte",https://m.media-amazon.com/images/I/61VJNbg6YMS._AC_UL320_.jpg,"$91
.
82"
"TreeLen Broom and Dustpan Set, TreeLen Broom with Dust Pan with Long Handle Combo Set for Office and Home Standing Upright Sweep Use with Lobby Broom",https://m.media-amazon.com/images/I/61v1H0m2x3L._AC_UL320_.jpg,"$19
.
19"
"Southern Homewares SH-10323 1 Gallon BPA Free Plastic Water Bottle for Cold Liquids With Attached Leak Proof Screw Lid-For Gym Office Daily Use, Blue, One Size",https://m.media-amazon.com/images/I/71HYJOsQdHL._AC_UL320_.jpg,"$19
.
99"
"2 Tier Lazy Susan Organizer,2-Tier Spinning Spice Rack with Stable Carousel Base & 4 Height Settings for Cupboard Kitchen Countertop Dining Table Cupboard (Round)",https://m.media-amazon.com/images/I/71DplYiqdOL._AC_UL320_.jpg,"$33
.
99"
"Silicone Cooking Utensils Set, 34 PCS Kitchen Utensils Set, 446℉ Heat Resistant Non-Stick Silicone Cooking Kitchen Utensils with Wooden Handle, Kitchen Gadgets Tools Set for Nonstick Cookware",https://m.media-amazon.com/images/I/71vTSbQhnJL._AC_UL320_.jpg,"$39
.
99"
"Stone Lain Albie Stoneware 16-Piece Modern Dinnerware Set, Kitchen Plates and Bowls Sets, Dish Set for 4, Red and Black",https://m.media-amazon.com/images/I/81rNCZ6qpQL._AC_UL320_.jpg,"$51
.
49"
"JAQ Rotating Fruit Basket, 5-Tier Metal Sturdy Kitchen Storage Rack Shelf Carts No Assembly on Rolling Wheels for Fruit Vegetable Grocery Corns Potato Onion (5-Tier, Black)",https://m.media-amazon.com/images/I/71i9Ey3QkwL._AC_UL320_.jpg,"$109
.
99"
"Wall Hooks with Shelf, 29.25 inch Coat Rack Wall Mount with Mail Organizer Box, Wooden Hat Rack with 5 Hooks, Coat Hanger and Key Holder for Wall, Modern Charcoal",https://m.media-amazon.com/images/I/71jFaULuJoL._AC_UL320_.jpg,"$34
.
99"
"Viking Culinary Stainless Steel Mixing Bowl Set, 10 piece, Non-slip Silicone Base, Includes Airtight Lids, Dishwasher Safe, Teal",https://m.media-amazon.com/images/I/61JI-hka30L._AC_UL320_.jpg,"$49
.
99"
"Electronic Rat Trap Mouse Zapper for Homes, Fast Kill, Reusable Electric Mouse Trap for Indoor Use, No Touch No See, Rat & Mouse Traps",https://m.media-amazon.com/images/I/610tXZrQEDL._AC_UL320_.jpg,"$49
.
99"
"Upgraded Bug Vacuum & Handheld Vacuum Cordless with 9000PA, High Power Portable Bug Catcher Small Spider Catcher Use for Home Office Car RV Insect Traps Catcher and Release with Insect Cage",https://m.media-amazon.com/images/I/71vH1O0q3zL._AC_UL320_.jpg,"$28
.
99"
"Wall Hooks with Shelf, 29.25 inch Coat Rack Wall Mount with Mail Organizer Box, Wooden Hat Rack with 5 Hooks, Coat Hanger and Key Holder for Wall, Modern Charcoal",https://m.media-amazon.com/images/I/71jFaULuJoL._AC_UL320_.jpg,"$34
.
99"
"Viking Culinary Stainless Steel Mixing Bowl Set, 10 piece, Non-slip Silicone Base, Includes Airtight Lids, Dishwasher Safe, Teal",https://m.media-amazon.com/images/I/61JI-hka30L._AC_UL320_.jpg,"$49
.
99"
"Electronic Rat Trap Mouse Zapper for Homes, Fast Kill, Reusable Electric Mouse Trap for Indoor Use, No Touch No See, Rat & Mouse Traps",https://m.media-amazon.com/images/I/610tXZrQEDL._AC_UL320_.jpg,"$49
.
99"
"Upgraded Bug Vacuum & Handheld Vacuum Cordless with 9000PA, High Power Portable Bug Catcher Small Spider Catcher Use for Home Office Car RV Insect Traps Catcher and Release with Insect Cage",https://m.media-amazon.com/images/I/71vH1O0q3zL._AC_UL320_.jpg,"$28
.
99"
"Fruit Vegetable Basket for Kitchen, 5 Tier Stackable Fruit Vegetable Storage Baskets with Wheels, Metal Wire Storage Basket Organizer Baskets for Kitchen, Pantry, Bathroom",https://m.media-amazon.com/images/I/71Dd0+zJ3qL._AC_UL320_.jpg,"$47
.
49"
"Stone Lain Coupe Dinnerware Set, Service For 4, Black Matte",https://m.media-amazon.com/images/I/81uA+IVnJcL._AC_UL320_.jpg,"$51
.
49"
"Cooking Utensils Set- 35 PCs Kitchen Utensils with Grater,Tongs, Spoon Spatula &Turner Made of Heat Resistant Food Grade Silicone and Wooden Handles Kitchen Gadgets Tools Set for Cookware",https://m.media-amazon.com/images/I/718e0QSl-QS._AC_UL320_.jpg,"$34
.
39"
"20W Bug Zapper Outdoor, Fly Traps for Indoors with Powerful 3U Shape Light Bulb, Waterproof Fly Zapper, Electric Mosquito Killer for Home, Backyard, Patio (100, Volts)",https://m.media-amazon.com/images/I/81Uy5hELOIL._AC_UL320_.jpg,"$25
.
95"
"Wooden Kitchen Utensil Holder Organizer for Counter or Countertop, Large Wooden Utensil Holder for Storage Cooking and Silverware with 4 Compartment, Acacia Rustic Wood Container Extra Large",https://m.media-amazon.com/images/I/71jesDzUGvL._AC_UL320_.jpg,"$42
.
99"
"kelamayi Broom and Dustpan Set for Home, Stand Up Broom and Dustpan Combo for Office, Indoor&Outdoor Sweeping (Black&Red)",https://m.media-amazon.com/images/I/61UrJEgaaAL._AC_UL320_.jpg,"$27
.
29"
"Electric Rat Traps Indoor for Home, Mouse Trap Zapper for House Warehouse Attic Kitchen, Reusable Rodent Trap Zapper with Powerful Voltage for Mice Chipmunks Rats",https://m.media-amazon.com/images/I/71nN9+yPu8L._AC_UL320_.jpg,"$39
.
99"
"Rotating Kitchen Storage Rack No Assembly, 4-Tier Metal Storage Tower Basket Shelves Organizer on Rolling Wheels with Removal Drawers for Fruit Vegetable Grocery Corns Potato Onion (4-Tier, Black)",https://m.media-amazon.com/images/I/81RxTYeXDPL._AC_UL320_.jpg,"$89
.
99"
"Wedding Guest Book, 124 Pages Elegant Guest Book,Guest Book Wedding Reception,Retro Style Embossed Letter Cover Polaroid Guest Book for Baby Shower, Birthday and Special Events",https://m.media-amazon.com/images/I/81CsyU1DjFL._AC_UL320_.jpg,"$22
.
99"
"Matte Gold Silverware Set with black handle, Bysta 20-Piece Stainless Steel Flatware Set, Kitchen Utensil Set Service for 4, Tableware Cutlery Set for Home and Restaurant, Dishwasher Safe",https://m.media-amazon.com/images/I/61IDsfkdy6L._AC_UL320_.jpg,"$47
.
99"
"Wall Hooks with Shelf, 29.25 inch Coat Rack Wall Mount with Mail Organizer Box, Wooden Hat Rack with 5 Hooks, Coat Hanger and Key Holder for Wall, Classic White",https://m.media-amazon.com/images/I/710I3q+nmpL._AC_UL320_.jpg,"$34
.
99"
"Disney Themed Dinnerware Set - 16 Ceramic Dishes, 4 Place Settings | Collection 1| Cinderella, Aladdin, Little Mermaid, & Beauty and the Beast Colorful Dinner & Dessert Plates, Bowl & Mug",https://m.media-amazon.com/images/I/710QQZd-5BL._AC_UL320_.jpg,"$119
.
99"
"Wedding Guest Book, 124 Pages Elegant Guest Book,Guest Book Wedding Reception,Retro Style Embossed Letter Cover Polaroid Guest Book for Baby Shower, Birthday and Special Events",https://m.media-amazon.com/images/I/81CsyU1DjFL._AC_UL320_.jpg,"$22
.
99"
"Matte Gold Silverware Set with black handle, Bysta 20-Piece Stainless Steel Flatware Set, Kitchen Utensil Set Service for 4, Tableware Cutlery Set for Home and Restaurant, Dishwasher Safe",https://m.media-amazon.com/images/I/61IDsfkdy6L._AC_UL320_.jpg,"$47
.
99"
"Wall Hooks with Shelf, 29.25 inch Coat Rack Wall Mount with Mail Organizer Box, Wooden Hat Rack with 5 Hooks, Coat Hanger and Key Holder for Wall, Classic White",https://m.media-amazon.com/images/I/710I3q+nmpL._AC_UL320_.jpg,"$34
.
99"
"Disney Themed Dinnerware Set - 16 Ceramic Dishes, 4 Place Settings | Collection 1| Cinderella, Aladdin, Little Mermaid, & Beauty and the Beast Colorful Dinner & Dessert Plates, Bowl & Mug",https://m.media-amazon.com/images/I/710QQZd-5BL._AC_UL320_.jpg,"$119
.
99"
"JAQ Vegetables Storage Basket, 3-Tier Multi Layer Rotating Storage Shelves Basket Carts Rack Organizer Bin on Rolling Wheels in Kitchen Household for Fruits Grocery Corns Potatos (3-Tier, White)",https://m.media-amazon.com/images/I/71SYELwfAnL._AC_UL320_.jpg,"$75
.
99"
"Baltique Marrakesh Collection 7 Piece Cooking Utensil Set, Safe for Nonstick",https://m.media-amazon.com/images/I/81mCQO-H8BL._AC_UL320_.jpg,"$69
.
00"
Southern Homewares Egg Skelter Deluxe Modern Spiraling Dispenser Rack Silver,https://m.media-amazon.com/images/I/71wFvTq8doL._AC_UL320_.jpg,"$19
.
99"
"JASHII Silverware Set, 24-Piece Stainless Steel Flatware Set,Kitchen Utensil Set Service for 6,Tableware Cutlery Set for Home, Dishwasher Safe (Matte Black)",https://m.media-amazon.com/images/I/61-89u2XbEL._AC_UL320_.jpg,"$30
.
69"
"Fruit Vegetable Storage Basket, 4 Tier Stackable Metal Wire Storage Baskets with Wheels, Fruit Vegetable Produce Basket Organizer Bins for Kitchen, Pantry, Bathroom",https://m.media-amazon.com/images/I/71tXryTILpL._AC_UL320_.jpg,"$39
.
99"
"Wooden Kitchen Utensil Holder Organizer for Counter or Countertop, Large Wooden Utensil Holder for Storage Cooking and Silverware with 3 Compartment, Acacia Rustic Wood Container Extra Large",https://m.media-amazon.com/images/I/71J3aNYeaUL._AC_UL320_.jpg,"$31
.
99"
Marble Coasters Set of 4 - Stunning Ceramic Coaster in Matte Finish | Elegant Stone Coasters with Anti-Slip Cork Bottom for Mugs and Glasses | Brown Marble,https://m.media-amazon.com/images/I/81VNB7ZUWXL._AC_UL320_.jpg,"$7
.
99"
"Homeware Haven Kitchen Knife Sharpener | Knife Sharpener | 3 Stage Knife Sharpener | Sharpener | Tungsten Steel Sharpener | Ceramic Sharpener | Diamond Sharpener, Small, Gray",https://m.media-amazon.com/images/I/31rQtExzQlL._AC_UL320_.jpg,"$9
.
99"